{
  "duration": 48.540000915527344,
  "language": "korean",
  "text": "브라우저는 html, css, 자바스크립트를 받아서 웹페이지를 렌더링합니다. 먼저 html 파싱을 시작해서 DOM 트리를 만들고 동시에 css는 css-om-tree로 변환됩니다. 이 두 개가 결합되어 렌더 트리를 구성하고 이 렌더 트리를 기반으로 레이아웃 계산을 진행합니다. 각 요소의 위치와 크기를 정한 다음 실제 화면에 픽셀 단위로 그리는 페인팅이 이루어집니다. 이후 컴포지팅 단계에서 레이어를 조합하여 최종화면이 구성됩니다. 이 과정은 변경사항이 생길 때마다 일부가 다시 수행되며 성능에 큰 영향을 미칩니다.",
  "segments": [
    {
      "id": 0,
      "avg_logprob": -0.2211780995130539,
      "compression_ratio": 1.3253967761993408,
      "end": 7.760000228881836,
      "no_speech_prob": 0.006980693433433771,
      "seek": 0,
      "start": 0.0,
      "temperature": 0.0,
      "text": " 브라우저는 html, css, 자바스크립트를 받아서 웹페이지를 렌더링합니다.",
      "tokens": [
        50364,
        21886,
        2742,
        7812,
        11738,
        1098,
        276,
        83,
        15480,
        11,
        269,
        3810,
        11,
        15905,
        27344,
        39030,
        1698,
        18306,
        35078,
        12152,
        18461,
        6891,
        117,
        42031,
        3946,
        28719,
        2429,
        531,
        254,
        2457,
        12890,
        25787,
        10267,
        13,
        50764
      ]
    },
    {
      "id": 1,
      "avg_logprob": -0.2211780995130539,
      "compression_ratio": 1.3253967761993408,
      "end": 17.760000228881836,
      "no_speech_prob": 0.006980693433433771,
      "seek": 0,
      "start": 8.9399995803833,
      "temperature": 0.0,
      "text": " 먼저 html 파싱을 시작해서 DOM 트리를 만들고 동시에 css는 css-om-tree로 변환됩니다.",
      "tokens": [
        50764,
        20749,
        276,
        83,
        15480,
        15390,
        1995,
        109,
        1638,
        14525,
        8275,
        35727,
        11412,
        14981,
        11297,
        12922,
        1313,
        11685,
        41570,
        269,
        3810,
        1098,
        269,
        3810,
        12,
        298,
        12,
        83,
        701,
        12888,
        25575,
        6048,
        1894,
        238,
        6665,
        13,
        51264
      ]
    },
    {
      "id": 2,
      "avg_logprob": -0.2211780995130539,
      "compression_ratio": 1.3253967761993408,
      "end": 26.059999465942383,
      "no_speech_prob": 0.006980693433433771,
      "seek": 0,
      "start": 18.860000610351562,
      "temperature": 0.0,
      "text": " 이 두 개가 결합되어 렌더 트리를 구성하고 이 렌더 트리를 기반으로 레이아웃 계산을 진행합니다.",
      "tokens": [
        51264,
        2620,
        11915,
        14552,
        1453,
        15561,
        26640,
        22826,
        3103,
        531,
        254,
        2457,
        19666,
        11412,
        14981,
        11297,
        15197,
        8631,
        7040,
        2620,
        531,
        254,
        2457,
        19666,
        11412,
        14981,
        11297,
        12503,
        22196,
        4130,
        28156,
        3946,
        33889,
        30668,
        10603,
        16551,
        1638,
        32544,
        10267,
        13,
        51664
      ]
    },
    {
      "id": 3,
      "avg_logprob": -0.09380092471837997,
      "compression_ratio": 1.340080976486206,
      "end": 34.15999984741211,
      "no_speech_prob": 0.023681968450546265,
      "seek": 2606,
      "start": 26.059999465942383,
      "temperature": 0.0,
      "text": " 각 요소의 위치와 크기를 정한 다음 실제 화면에 픽셀 단위로 그리는 페인팅이 이루어집니다.",
      "tokens": [
        50364,
        28378,
        10161,
        12012,
        2785,
        9491,
        8464,
        7590,
        23130,
        14000,
        4980,
        3049,
        13526,
        19300,
        9767,
        26700,
        102,
        19086,
        8074,
        121,
        6961,
        222,
        16818,
        2472,
        14046,
        2003,
        20896,
        48574,
        4215,
        27086,
        1129,
        2892,
        13033,
        2782,
        100,
        239,
        1972,
        13,
        50764
      ]
    },
    {
      "id": 4,
      "avg_logprob": -0.09380092471837997,
      "compression_ratio": 1.340080976486206,
      "end": 39.459999084472656,
      "no_speech_prob": 0.023681968450546265,
      "seek": 2606,
      "start": 34.70000076293945,
      "temperature": 0.0,
      "text": " 이후 컴포지팅 단계에서 레이어를 조합하여 최종화면이 구성됩니다.",
      "tokens": [
        50764,
        43577,
        9305,
        112,
        30600,
        1831,
        27086,
        16818,
        14597,
        4885,
        28156,
        40470,
        35101,
        7430,
        26640,
        2240,
        10558,
        14571,
        17273,
        23419,
        2708,
        1129,
        15197,
        8631,
        25041,
        6665,
        13,
        51064
      ]
    },
    {
      "id": 5,
      "avg_logprob": -0.09380092471837997,
      "compression_ratio": 1.340080976486206,
      "end": 47.36000061035156,
      "no_speech_prob": 0.023681968450546265,
      "seek": 2606,
      "start": 40.380001068115234,
      "temperature": 0.0,
      "text": " 이 과정은 변경사항이 생길 때마다 일부가 다시 수행되며 성능에 큰 영향을 미칩니다.",
      "tokens": [
        51064,
        2620,
        17590,
        6170,
        2124,
        25575,
        15608,
        5727,
        43359,
        1129,
        6439,
        24479,
        9057,
        45408,
        16623,
        6301,
        1453,
        15463,
        4446,
        12724,
        25041,
        1894,
        18095,
        14409,
        16102,
        1517,
        21307,
        9293,
        24318,
        1638,
        10795,
        4741,
        6665,
        13,
        51464
      ]
    }
  ],
  "words": [
    {
      "end": 2.5199999809265137,
      "start": 0.0,
      "word": "브라우저는"
    },
    {
      "end": 3.259999990463257,
      "start": 2.5199999809265137,
      "word": "html"
    },
    {
      "end": 4.260000228881836,
      "start": 3.799999952316284,
      "word": "css"
    },
    {
      "end": 5.760000228881836,
      "start": 5.119999885559082,
      "word": "자바스크립트를"
    },
    {
      "end": 6.260000228881836,
      "start": 5.760000228881836,
      "word": "받아서"
    },
    {
      "end": 7.039999961853027,
      "start": 6.260000228881836,
      "word": "웹페이지를"
    },
    {
      "end": 7.760000228881836,
      "start": 7.039999961853027,
      "word": "렌더링합니다"
    },
    {
      "end": 9.199999809265137,
      "start": 8.9399995803833,
      "word": "먼저"
    },
    {
      "end": 10.300000190734863,
      "start": 9.199999809265137,
      "word": "html"
    },
    {
      "end": 10.84000015258789,
      "start": 10.300000190734863,
      "word": "파싱을"
    },
    {
      "end": 11.600000381469727,
      "start": 10.84000015258789,
      "word": "시작해서"
    },
    {
      "end": 12.359999656677246,
      "start": 11.600000381469727,
      "word": "DOM"
    },
    {
      "end": 12.720000267028809,
      "start": 12.359999656677246,
      "word": "트리를"
    },
    {
      "end": 13.699999809265137,
      "start": 12.720000267028809,
      "word": "만들고"
    },
    {
      "end": 14.140000343322754,
      "start": 13.699999809265137,
      "word": "동시에"
    },
    {
      "end": 15.640000343322754,
      "start": 14.140000343322754,
      "word": "css는"
    },
    {
      "end": 16.3799991607666,
      "start": 15.640000343322754,
      "word": "css"
    },
    {
      "end": 16.700000762939453,
      "start": 16.3799991607666,
      "word": "om"
    },
    {
      "end": 17.100000381469727,
      "start": 16.700000762939453,
      "word": "tree로"
    },
    {
      "end": 17.760000228881836,
      "start": 17.100000381469727,
      "word": "변환됩니다"
    },
    {
      "end": 19.059999465942383,
      "start": 18.860000610351562,
      "word": "이"
    },
    {
      "end": 19.219999313354492,
      "start": 19.059999465942383,
      "word": "두"
    },
    {
      "end": 19.540000915527344,
      "start": 19.219999313354492,
      "word": "개가"
    },
    {
      "end": 20.3799991607666,