{
  "duration": 51.0,
  "language": "korean",
  "text": "일단 CSS에서 선택자의 우선순위는 여러 스타일 규칙이 동일한 요소에 적용될 때 어떤 규칙이 우선할지를 결정하는 기준입니다. 우선순위는 일반적으로 선택자의 종류에 따라 점수처럼 계산되며 구체적일수록 우선순위가 높습니다. 첫번째로는 일라인 스타일, 아이디 선택자, 클래스 속성 의사 클래스, 그리고 태그 의사 요소, 다섯번째는 전체 선택자입니다. 예를 들면 아이디 선택자가 포함된 쪽이 더 구체적이기 때문에 우선 적용되고요. 실제 프로젝트에서는 선택자를 너무 복잡하게 구성하지 않고 의도한 스타일이 예상대로 적용되는 구조로 설계하는 것이 더 중요하다고 생각합니다. 감사합니다.",
  "segments": [
    {
      "id": 0,
      "avg_logprob": -0.1547766774892807,
      "compression_ratio": 1.4166666269302368,
      "end": 11.979999542236328,
      "no_speech_prob": 0.03349386900663376,
      "seek": 0,
      "start": 0.0,
      "temperature": 0.0,
      "text": " 일단 CSS에서 선택자의 우선순위는 여러 스타일 규칙이 동일한 요소에 적용될 때 어떤 규칙이 우선할지를 결정하는 기준입니다.",
      "tokens": [
        50364, 17304, 24387, 4885, 33126, 4264, 2785, 14995, 12421, 37132,
        14098, 1098, 31784, 45881, 1510, 250, 46941, 1129, 11685, 6403, 3049,
        10161, 12012, 1517, 14370, 8761, 25041, 254, 7765, 15620, 1510, 250,
        46941, 1129, 14995, 12421, 7999, 29003, 15561, 6170, 7116, 7047, 18583,
        7416, 13, 50964
      ]
    },
    {
      "id": 1,
      "avg_logprob": -0.1547766774892807,
      "compression_ratio": 1.4166666269302368,
      "end": 20.420000076293945,
      "no_speech_prob": 0.03349386900663376,
      "seek": 0,
      "start": 12.979999542236328,
      "temperature": 0.0,
      "text": " 우선순위는 일반적으로 선택자의 종류에 따라 점수처럼 계산되며 구체적일수록 우선순위가 높습니다.",
      "tokens": [
        50964, 14995, 12421, 37132, 14098, 1098, 47057, 15078, 33126, 4264,
        2785, 25260, 33106, 246, 1517, 24453, 20060, 8449, 19881, 10603, 3972,
        2004, 238, 1894, 18095, 15197, 44687, 6403, 25361, 11737, 14995, 12421,
        37132, 14098, 1453, 25015, 3115, 13, 51414
      ]
    },
    {
      "id": 2,
      "avg_logprob": -0.17300906777381897,
      "compression_ratio": 1.5925925970077515,
      "end": 32.41999816894531,
      "no_speech_prob": 0.09262273460626602,
      "seek": 2042,
      "start": 21.540000915527344,
      "temperature": 0.0,
      "text": " 첫번째로는 일라인 스타일, 아이디 선택자, 클래스 속성 의사 클래스, 그리고 태그 의사 요소, 다섯번째는 전체 선택자입니다.",
      "tokens": [
        50414, 22707, 22050, 1372, 16270, 1098, 16623, 2742, 4215, 45881, 11,
        24790, 9520, 33126, 4264, 11, 30464, 4241, 7785, 18663, 8631, 14389,
        5727, 30464, 4241, 7785, 11, 8785, 28808, 22069, 14389, 5727, 10161,
        12012, 11, 4279, 37526, 22050, 18211, 1098, 6831, 16260, 33126, 4264,
        7416, 13, 50964
      ]
    },
    {
      "id": 3,
      "avg_logprob": -0.17300906777381897,
      "compression_ratio": 1.5925925970077515,
      "end": 39.41999816894531,
      "no_speech_prob": 0.09262273460626602,
      "seek": 2042,
      "start": 33.52000045776367,
      "temperature": 0.0,
      "text": " 예를 들면 아이디 선택자가 포함된 쪽이 더 구체적이기 때문에 우선 적용되고요.",
      "tokens": [
        50964, 22551, 2429, 6275, 21448, 24790, 9520, 33126, 22310, 17101, 817,
        3891, 14987, 31790, 1129, 6990, 15197, 44687, 1129, 2401, 12365, 14995,
        12421, 14370, 8761, 22826, 12364, 13, 51314
      ]
    },
    {
      "id": 4,
      "avg_logprob": -0.17300906777381897,
      "compression_ratio": 1.5925925970077515,
      "end": 49.540000915527344,
      "no_speech_prob": 0.09262273460626602,
      "seek": 2042,
      "start": 40.560001373291016,
      "temperature": 0.0,
      "text": " 실제 프로젝트에서는 선택자를 너무 복잡하게 구성하지 않고 의도한 스타일이 예상대로 적용되는 구조로 설계하는 것이 더 중요하다고 생각합니다.",
      "tokens": [
        51314, 19300, 9767, 27758, 2179, 251, 8857, 23676, 33126, 38134, 6924,
        30696, 46179, 8601, 15197, 8631, 16175, 31157, 1191, 8226, 3049, 45881,
        1129, 10134, 5979, 167, 15527, 14370, 8761, 46713, 15197, 14327, 2004,
        1955, 30630, 14597, 7116, 29665, 6990, 24851, 2240, 7726, 8594, 10267,
        13, 51814
      ]
    },
    {
      "id": 5,
      "avg_logprob": -0.3921990990638733,
      "compression_ratio": 0.6399999856948853,
      "end": 49.65999984741211,
      "no_speech_prob": 0.9115826487541199,
      "seek": 4954,
      "start": 49.540000915527344,
      "temperature": 0.0,
      "text": " 감사합니다.",
      "tokens": [50364, 24399, 13, 50464]
    }
  ],
  "words": [
    {
      "end": 1.7999999523162842,
      "start": 0.0,
      "word": "일단"
    },
    {
      "end": 3.0799999237060547,
      "start": 1.7999999523162842,
      "word": "CSS에서"
    },
    {
      "end": 3.8399999141693115,
      "start": 3.0799999237060547,
      "word": "선택자의"
    },
    {
      "end": 4.739999771118164,
      "start": 3.8399999141693115,
      "word": "우선순위는"
    },
    {
      "end": 5.21999979019165,
      "start": 4.739999771118164,
      "word": "여러"
    },
    {
      "end": 5.579999923706055,
      "start": 5.21999979019165,
      "word": "스타일"
    },
    {
      "end": 6.119999885559082,
      "start": 5.579999923706055,
      "word": "규칙이"
    },
    {
      "end": 6.659999847412109,
      "start": 6.119999885559082,
      "word": "동일한"
    },
    {
      "end": 6.940000057220459,
      "start": 6.659999847412109,
      "word": "요소에"
    },
    {
      "end": 7.380000114440918,
      "start": 6.940000057220459,
      "word": "적용될"
    },
    {
      "end": 7.639999866485596,
      "start": 7.380000114440918,
      "word": "때"
    },
    {
      "end": 8.239999771118164,
      "start": 7.639999866485596,
      "word": "어떤"
    },
    {
      "end": 9.399999618530273,
      "start": 8.239999771118164,
      "word": "규칙이"
    },
    {
      "end": 10.520000457763672,
      "start": 9.399999618530273,
      "word": "우선할지를"
    },
    {
      "end": 11.140000343322754,
      "start": 10.520000457763672,
      "word": "결정하는"
    },
    {
      "end": 11.979999542236328,
      "start": 11.140000343322754,
      "word": "기준입니다"
    },
    {
      "end": 13.720000267028809,
      "start": 12.979999542236328,
      "word": "우선순위는"
    },
    {
      "end": 14.5600004196167,
      "start": 13.720000267028809,
      "word": "일반적으로"
    },
    {
      "end": 15.239999771118164,
      "start": 14.5600004196167,
      "word": "선택자의"
    },
    {
      "end": 15.699999809265137,
      "start": 15.239999771118164,
      "word": "종류에"
    },
    {
      "end": 15.960000038146973,
      "start": 15.699999809265137,
      "word": "따라"
    },
    {
      "end": 17.100000381469727,
      "start": 15.960000038146973,
      "word": "점수처럼"
    },
    {
      "end": 18.260000228881836,
      "start": 17.100000381469727,
      "word": "계산되며"
    },
    {
      "end": 19.200000762939453,
      "start": 18.260000228881836,
      "word": "구체적일수록"
    },
    {
      "end": 19.979999542236328,
      "start": 19.200000762939453,
      "word": "우선순위가"
    },
    {
      "end": 20.420000076293945,
      "start": 19.979999542236328,
      "word": "높습니다"
    },
    {
      "end": 22.5,
      "start": 21.540000915527344,
      "word": "첫번째로는"
    },
    {
      "end": 22.760000228881836,
      "start": 22.5,
      "word": "일라인"
    },
    {
      "end": 23.079999923706055,
      "start": 22.760000228881836,
      "word": "스타일"
    },
    {
      "end": 24.65999984741211,
      "start": 24.1200008392334,
      "word": "아이디"
    },
    {
      "end": 25.68000030517578,
      "start": 24.65999984741211,
      "word": "선택자"
    },
    {
      "end": 26.440000534057617,
      "start": 26.020000457763672,
      "word": "클래스"
    },
    {
      "end": 26.940000534057617,
      "start": 26.440000534057617,
      "word": "속성"
    },
    {
      "end": 27.219999313354492,
      "start": 26.940000534057617,
      "word": "의사"
    },
    {
      "end": 27.739999771118164,
      "start": 27.219999313354492,
      "word": "클래스"
    },
    {
      "end": 28.940000534057617,
      "start": 28.600000381469727,
      "word": "그리고"
    },
    {
      "end": 29.1200008392334,
      "start": 28.940000534057617,
      "word": "태그"
    },
    {
      "end": 29.459999084472656,
      "start": 29.1200008392334,
      "word": "의사"
    },
    {
      "end": 29.780000686645508,
      "start": 29.459999084472656,