{
  "duration": 39.959999084472656,
  "language": "korean",
  "text": "ESLint는 코드에서 문법 오류나 문제있는 패턴을 찾아주는 정적 분석 도구입니다. 규칙을 설정해서 예를 들어 var 사용을 금지하거나 사용되지 않는 변수를 잡아낼 수 있습니다. 프리티어는 코드 포매터로 세미콜론이나 탭 간격 같은 스타일을 자동으로 맞춰줍니다. 둘의 가장 큰 차이는 ESLint는 코드 품질을, 프리티어는 코드 형식을 다룬다는 점입니다. 두 도구를 함께 사용하면 일관된 스타일과 높은 품질의 코드를 유지할 수 있으며, 회법 시 불필요한 코드 리뷰를 줄이는 데에도 도움이 됩니다.",
  "segments": [
    {
      "id": 0,
      "avg_logprob": -0.1931612342596054,
      "compression_ratio": 1.455974817276001,
      "end": 6.820000171661377,
      "no_speech_prob": 0.0010809649247676134,
      "seek": 0,
      "start": 0.0,
      "temperature": 0.0,
      "text": " ESLint는 코드에서 문법 오류나 문제있는 패턴을 찾아주는 정적 분석 도구입니다.",
      "tokens": [
        50364,
        12564,
        43,
        686,
        1098,
        31512,
        7087,
        4885,
        4509,
        1397,
        30610,
        10258,
        98,
        1894,
        3404,
        24290,
        33670,
        35470,
        6826,
        112,
        1638,
        33219,
        35541,
        4980,
        7554,
        15361,
        17075,
        10701,
        7675,
        7416,
        13,
        50693
      ]
    },
    {
      "id": 1,
      "avg_logprob": -0.1931612342596054,
      "compression_ratio": 1.455974817276001,
      "end": 14.720000267028809,
      "no_speech_prob": 0.0010809649247676134,
      "seek": 0,
      "start": 7.380000114440918,
      "temperature": 0.0,
      "text": " 규칙을 설정해서 예를 들어 var 사용을 금지하거나 사용되지 않는 변수를 잡아낼 수 있습니다.",
      "tokens": [
        50693,
        1510,
        250,
        46941,
        1638,
        30630,
        6170,
        8275,
        22551,
        2429,
        12900,
        1374,
        14422,
        1638,
        34120,
        1831,
        2240,
        26287,
        14422,
        22826,
        1831,
        34790,
        25575,
        45510,
        40845,
        8580,
        120,
        4446,
        10552,
        13,
        51110
      ]
    },
    {
      "id": 2,
      "avg_logprob": -0.1931612342596054,
      "compression_ratio": 1.455974817276001,
      "end": 21.219999313354492,
      "no_speech_prob": 0.0010809649247676134,
      "seek": 0,
      "start": 15.720000267028809,
      "temperature": 0.0,
      "text": " 프리티어는 코드 포매터로 세미콜론이나 탭 간격 같은 스타일을 자동으로 맞춰줍니다.",
      "tokens": [
        51110,
        32051,
        2250,
        21081,
        3103,
        1098,
        31512,
        7087,
        9250,
        1698,
        100,
        4644,
        226,
        2004,
        1955,
        32143,
        6587,
        15385,
        2163,
        19332,
        21672,
        8675,
        255,
        17190,
        15231,
        10005,
        45881,
        1638,
        15905,
        8309,
        4130,
        9172,
        39929,
        6756,
        27169,
        13,
        51439
      ]
    },
    {
      "id": 3,
      "avg_logprob": -0.1931612342596054,
      "compression_ratio": 1.455974817276001,
      "end": 28.360000610351562,
      "no_speech_prob": 0.0010809649247676134,
      "seek": 0,
      "start": 22.360000610351562,
      "temperature": 0.0,
      "text": " 둘의 가장 큰 차이는 ESLint는 코드 품질을, 프리티어는 코드 형식을 다룬다는 점입니다.",
      "tokens": [
        51439,
        21433,
        2785,
        20283,
        21307,
        15391,
        20813,
        12564,
        43,
        686,
        1098,
        31512,
        7087,
        21442,
        230,
        18529,
        1638,
        11,
        32051,
        2250,
        21081,
        3103,
        1098,
        31512,
        7087,
        12459,
        10436,
        1638,
        9586,
        96,
        105,
        10520,
        20060,
        7416,
        13,
        51798
      ]
    },
    {
      "id": 4,
      "avg_logprob": -0.2497430145740509,
      "compression_ratio": 1.1585365533828735,
      "end": 34.880001068115234,
      "no_speech_prob": 0.0017006692942231894,
      "seek": 2836,
      "start": 29.360000610351562,
      "temperature": 0.0,
      "text": " 두 도구를 함께 사용하면 일관된 스타일과 높은 품질의 코드를 유지할 수 있으며,",
      "tokens": [
        50414,
        11915,
        10701,
        11545,
        2429,
        21469,
        14422,
        16283,
        7682,
        12222,
        2366,
        14987,
        45881,
        7097,
        25015,
        2124,
        21442,
        230,
        18529,
        2785,
        31512,
        43871,
        11878,
        1831,
        7999,
        4446,
        2297,
        3336,
        18095,
        11,
        50704
      ]
    },
    {
      "id": 5,
      "avg_logprob": -0.2497430145740509,
      "compression_ratio": 1.1585365533828735,
      "end": 38.880001068115234,
      "no_speech_prob": 0.0017006692942231894,
      "seek": 2836,
      "start": 35.34000015258789,
      "temperature": 0.0,
      "text": " 회법 시 불필요한 코드 리뷰를 줄이는 데에도 도움이 됩니다.",
      "tokens": [
        50704,
        14794,
        2457,
        30610,
        5710,
        16285,
        817,
        226,
        1495,
        3049,
        31512,
        7087,
        31427,
        115,
        38220,
        15320,
        20813,
        20883,
        21016,
        10701,
        3860,
        12192,
        23630,
        13,
        50984
      ]
    }
  ],
  "words": [
    {
      "end": 1.7799999713897705,
      "start": 0.0,
      "word": "ESLint는"
    },
    {
      "end": 2.319999933242798,
      "start": 1.7799999713897705,
      "word": "코드에서"
    },
    {
      "end": 2.680000066757202,
      "start": 2.319999933242798,
      "word": "문법"
    },
    {
      "end": 3.1600000858306885,
      "start": 2.680000066757202,
      "word": "오류나"
    },
    {
      "end": 3.819999933242798,
      "start": 3.1600000858306885,
      "word": "문제있는"
    },
    {
      "end": 4.260000228881836,
      "start": 3.819999933242798,
      "word": "패턴을"
    },
    {
      "end": 4.739999771118164,
      "start": 4.260000228881836,
      "word": "찾아주는"
    },
    {
      "end": 5.380000114440918,
      "start": 4.739999771118164,
      "word": "정적"
    },
    {
      "end": 5.78000020980835,
      "start": 5.380000114440918,
      "word": "분석"
    },
    {
      "end": 6.820000171661377,
      "start": 5.78000020980835,
      "word": "도구입니다"
    },
    {
      "end": 7.659999847412109,
      "start": 7.380000114440918,
      "word": "규칙을"
    },
    {
      "end": 8.720000267028809,
      "start": 7.659999847412109,
      "word": "설정해서"
    },
    {
      "end": 9.220000267028809,
      "start": 8.720000267028809,
      "word": "예를"
    },
    {
      "end": 9.720000267028809,
      "start": 9.220000267028809,
      "word": "들어"
    },
    {
      "end": 10.15999984741211,
      "start": 9.720000267028809,
      "word": "var"
    },
    {
      "end": 10.619999885559082,
      "start": 10.15999984741211,
      "word": "사용을"
    },
    {
      "end": 11.539999961853027,
      "start": 10.619999885559082,
      "word": "금지하거나"
    },
    {
      "end": 12.979999542236328,
      "start": 11.539999961853027,
      "word": "사용되지"
    },
    {
      "end": 13.140000343322754,
      "start": 12.979999542236328,
      "word": "않는"
    },
    {
      "end": 13.579999923706055,
      "start": 13.140000343322754,
      "word": "변수를"
    },
    {
      "end": 14.039999961853027,
      "start": 13.579999923706055,
      "word": "잡아낼"
    },
    {
      "end": 14.279999732971191,
      "start": 14.039999961853027,
      "word": "수"
    },
    {
      "end": 14.720000267028809,
      "start": 14.279999732971191,
      "word": "있습니다"
    },
    {
      "end": 16.18000030517578,
      "start": 15.720000267028809,
      "word": "프리티어는"
    },
    {
      "end": 16.559999465942383,
      "start": 16.18000030517578,
      "word": "코드"
    },
    {
      "end": 17.559999465942383,
      "start": 16.559999465942383,
      "word": "포매터로"
    },
    {
      "end": 18.639999389648438,
      "start": 17.559999465942383,