{
  "duration": 53.20000076293945,
  "language": "korean",
  "text": "네 제가 지원한 분야는 크게 업종을 고르자면 서비스업이 소속합니다. 그 중에서도 정말 고객과 고객을 1대1로 맞이할 수 있는 아주 중요한 업무인데요. 일단 하늘에서 우리 이제 육지에서가 아닌 하늘을 남으로써 하늘 안에서 세계 곳곳을 날아가는 기분 좋은 서비스 마인드로 세계 여러 곳을 기분 좋게 갈 수 있도록 최선의 기쁜 마음으로 서비스를 하는 것이 저희의 직업입니다. 가시는 곳까지 안전하고 최대한 목적지까지 그저 안전하고 즐겁고 편안한 여행이 될 수 있도록 하는 것이 저희의 주 업무이자 목표입니다.",
  "segments": [
    {
      "id": 0,
      "avg_logprob": -0.23579545319080353,
      "compression_ratio": 1.4313725233078003,
      "end": 7.679999828338623,
      "no_speech_prob": 0.32911840081214905,
      "seek": 0,
      "start": 0.0,
      "temperature": 0.0,
      "text": " 네 제가 지원한 분야는 크게 업종을 고르자면 서비스업이 소속합니다.",
      "tokens": [
        50364,
        8808,
        7439,
        47284,
        3049,
        15361,
        4248,
        1098,
        38926,
        32892,
        17273,
        1638,
        18556,
        98,
        28364,
        32324,
        32558,
        9790,
        7785,
        11534,
        1129,
        10614,
        11194,
        10267,
        13,
        50764
      ]
    },
    {
      "id": 1,
      "avg_logprob": -0.23579545319080353,
      "compression_ratio": 1.4313725233078003,
      "end": 17.0,
      "no_speech_prob": 0.32911840081214905,
      "seek": 0,
      "start": 8.239999771118164,
      "temperature": 0.0,
      "text": " 그 중에서도 정말 고객과 고객을 1대1로 맞이할 수 있는 아주 중요한 업무인데요.",
      "tokens": [
        50764,
        4296,
        32690,
        29326,
        12793,
        9161,
        47155,
        7097,
        9161,
        47155,
        1638,
        502,
        14173,
        16,
        12888,
        9172,
        1129,
        7999,
        4446,
        7153,
        22360,
        39072,
        32892,
        33382,
        1041,
        251,
        1397,
        2336,
        1495,
        13,
        51214
      ]
    },
    {
      "id": 2,
      "avg_logprob": -0.23579545319080353,
      "compression_ratio": 1.4313725233078003,
      "end": 28.0,
      "no_speech_prob": 0.32911840081214905,
      "seek": 0,
      "start": 18.799999237060547,
      "temperature": 0.0,
      "text": " 일단 하늘에서 우리 이제 육지에서가 아닌 하늘을 남으로써 하늘 안에서 세계 곳곳을 날아가는 기분 좋은 서비스 마인드로",
      "tokens": [
        51214,
        17304,
        3369,
        7822,
        4885,
        8126,
        8424,
        4916,
        94,
        1831,
        4885,
        1453,
        28069,
        3369,
        7822,
        1638,
        11689,
        4130,
        36498,
        3369,
        7822,
        4811,
        4885,
        40179,
        25177,
        39364,
        1638,
        16316,
        2230,
        28391,
        37149,
        16460,
        32558,
        9790,
        7785,
        6437,
        10574,
        6300,
        1955,
        51764
      ]
    },
    {
      "id": 3,
      "avg_logprob": -0.13635697960853577,
      "compression_ratio": 1.4861111640930176,
      "end": 38.060001373291016,
      "no_speech_prob": 0.02262048050761223,
      "seek": 2818,
      "start": 28.18000030517578,
      "temperature": 0.0,
      "text": " 세계 여러 곳을 기분 좋게 갈 수 있도록 최선의 기쁜 마음으로 서비스를 하는 것이 저희의 직업입니다.",
      "tokens": [
        50364,
        40179,
        31784,
        25177,
        1638,
        37149,
        5008,
        1810,
        23616,
        4446,
        23549,
        19305,
        14571,
        12421,
        2785,
        7047,
        15404,
        250,
        20477,
        4130,
        32558,
        9790,
        35967,
        10914,
        29665,
        14594,
        2785,
        19224,
        11534,
        7416,
        13,
        50864
      ]
    },
    {
      "id": 4,
      "avg_logprob": -0.13635697960853577,
      "compression_ratio": 1.4861111640930176,
      "end": 52.15999984741211,
      "no_speech_prob": 0.02262048050761223,
      "seek": 2818,
      "start": 38.86000061035156,
      "temperature": 0.0,
      "text": " 가시는 곳까지 안전하고 최대한 목적지까지 그저 안전하고 즐겁고 편안한 여행이 될 수 있도록 하는 것이 저희의 주 업무이자 목표입니다.",
      "tokens": [
        50864,
        4147,
        18147,
        25177,
        8786,
        4811,
        8210,
        7040,
        44112,
        3049,
        20433,
        7554,
        1831,
        8786,
        4296,
        11738,
        4811,
        8210,
        7040,
        35177,
        45798,
        1313,
        16990,
        11264,
        3049,
        5518,
        12724,
        1129,
        16625,
        4446,
        23549,
        19305,
        10914,
        29665,
        14594,
        2785,
        7757,
        32892,
        167,
        18129,
        3946,
        15876,
        20433,
        18923,
        7416,
        13,
        51564
      ]
    }
  ],
  "words": [
    {
      "end": 1.6399999856948853,
      "start": 0.0,
      "word": "네"
    },
    {
      "end": 2.0999999046325684,
      "start": 1.6399999856948853,
      "word": "제가"
    },
    {
      "end": 2.680000066757202,
      "start": 2.0999999046325684,
      "word": "지원한"
    },
    {
      "end": 3.2799999713897705,
      "start": 2.680000066757202,
      "word": "분야는"
    },
    {
      "end": 3.9000000953674316,
      "start": 3.2799999713897705,
      "word": "크게"
    },
    {
      "end": 5.440000057220459,
      "start": 3.9000000953674316,
      "word": "업종을"
    },
    {
      "end": 6.039999961853027,
      "start": 5.440000057220459,
      "word": "고르자면"
    },
    {
      "end": 6.840000152587891,
      "start": 6.039999961853027,
      "word": "서비스업이"
    },
    {
      "end": 7.679999828338623,
      "start": 6.840000152587891,
      "word": "소속합니다"
    },
    {
      "end": 8.279999732971191,
      "start": 8.239999771118164,
      "word": "그"
    },
    {
      "end": 9.020000457763672,
      "start": 8.279999732971191,
      "word": "중에서도"
    },
    {
      "end": 10.199999809265137,
      "start": 9.020000457763672,
      "word": "정말"
    },
    {
      "end": 10.979999542236328,
      "start": 10.199999809265137,
      "word": "고객과"
    },
    {
      "end": 11.520000457763672,
      "start": 10.979999542236328,
      "word": "고객을"
    },
    {
      "end": 12.079999923706055,
      "start": 11.520000457763672,
      "word": "1대1로"
    },
    {
      "end": 12.579999923706055,
      "start": 12.079999923706055,
      "word": "맞이할"
    },
    {
      "end": 12.819999694824219,
      "start": 12.579999923706055,
      "word": "수"
    },
    {
      "end": 13.359999656677246,
      "start": 12.819999694824219,
      "word": "있는"
    },
    {
      "end": 15.680000305175781,
      "start": 13.359999656677246,
      "word": "아주"
    },
    {
      "end": 15.979999542236328,
      "start": 15.680000305175781,
      "word": "중요한"
    },
    {
      "end": 17.0,
      "start": 15.979999542236328,
      "word": "업무인데요"
    },
    {
      "end": 18.799999237060547,
      "start": 18.799999237060547,
      "word": "일단"
    },
    {
      "end": 20.040000915527344,
      "start": 18.799999237060547,
      "word": "하늘에서"
    },
    {
      "end": 20.579999923706055,
      "start": 20.040000915527344,
      "word": "우리"
    },
    {
      "end": 21.079999923706055,
      "start": 20.579999923706055,
      "word": "이제"
    },
    {
      "end": 21.8799991607666,
      "start": 21.079999923706055,
      "word": "육지에서가"
    },
    {
      "end": 22.079999923706055,
      "start": 21.8799991607666,
      "word": "아닌"
    },
    {
      "end": 22.6200008392334,
      "start": 22.079999923706055,
      "word": "하늘을"
    },
    {
      "end": 23.540000915527344,
      "start": 22.6200008392334,
      "word": "남으로써"
    },
    {
      "end": 23.84000015258789,
      "start": 23.540000915527344,
      "word": "하늘"
    },
    {
      "end": 24.34000015258789,
      "start": 23.84000015258789,
      "word": "안에서"
    },
    {
      "end": 25.280000686645508,
      "start": 24.34000015258789,
      "word": "세계"
    },
    {
      "end": 25.860000610351562,
      "start": 25.280000686645508,