{
  "duration": 89.98999786376953,
  "language": "korean",
  "text": "아무래도 비개발자 인력 동료분들과의 커뮤니케이션에 있어서 가장 어려울 것으로 생각됩니다. 일전에 컴공 외 타학과 분들과 협업해서 공모전을 진행했던 적이 있는데, 그 당시 저는 개발 부문 쪽에 몸담고 있었고 프론트 쪽을 담당하고 있었는데, 타학 전공의 기획을 맡은 분들은 개발의 언어와 어떤 생태를 잘 모르다 보니까 자신들이 요구하는 것에 어떤 업무 강도나 아니면 작업 용어 이런 부분들에 있어서 서로 상충하는 부분들이 있었습니다. 그래서 이러한 부분들을 다음번 공모전의 교훈을 삼아서 어느정도 숙달하고 있는 분들과 대화를 나누고 공모전을 진행했었는데, 이런 식으로 제 경험이 있는 분들과의 어떤 협업을 진행한다면 더욱더 수월한 개발 작업이 있을 것이고, 만약 그럴 수 없다면 제가 개발에 관한 기본적인 부분들을 알려주고 커뮤니케이션에 관한 가이드를 드릴 것 같습니다.",
  "segments": [
    {
      "id": 0,
      "avg_logprob": -0.21944652497768402,
      "compression_ratio": 1.203208565711975,
      "end": 12.880000114440918,
      "no_speech_prob": 0.8385957479476929,
      "seek": 0,
      "start": 3.4200000762939453,
      "temperature": 0.0,
      "text": " 아무래도 비개발자 인력 동료분들과의 커뮤니케이션에 있어서 가장 어려울 것으로 생각됩니다.",
      "tokens": [
        50364,
        29907,
        38371,
        10079,
        47128,
        17248,
        4264,
        34339,
        11770,
        11685,
        167,
        96,
        2457,
        18912,
        7097,
        2785,
        39573,
        106,
        97,
        1425,
        36940,
        41923,
        1517,
        27937,
        20283,
        32289,
        15580,
        34071,
        8594,
        25041,
        6665,
        13,
        51014
      ]
    },
    {
      "id": 1,
      "avg_logprob": -0.21944652497768402,
      "compression_ratio": 1.203208565711975,
      "end": 22.0,
      "no_speech_prob": 0.8385957479476929,
      "seek": 0,
      "start": 13.539999961853027,
      "temperature": 0.0,
      "text": " 일전에 컴공 외 타학과 분들과 협업해서 공모전을 진행했던 적이 있는데,",
      "tokens": [
        51014,
        7682,
        41169,
        9305,
        112,
        14913,
        27357,
        19840,
        18134,
        7097,
        20147,
        7097,
        46977,
        11534,
        8275,
        9273,
        49710,
        8210,
        1638,
        32544,
        30504,
        48660,
        19197,
        11,
        51464
      ]
    },
    {
      "id": 2,
      "avg_logprob": -0.2329419106245041,
      "compression_ratio": 1.2395209074020386,
      "end": 32.880001068115234,
      "no_speech_prob": 0.4952910840511322,
      "seek": 2244,
      "start": 22.440000534057617,
      "temperature": 0.0,
      "text": " 그 당시 저는 개발 부문 쪽에 몸담고 있었고 프론트 쪽을 담당하고 있었는데,",
      "tokens": [
        50364,
        4296,
        49559,
        10551,
        30185,
        17248,
        10201,
        8357,
        31790,
        1517,
        30205,
        35021,
        1313,
        15972,
        1313,
        32051,
        19332,
        8857,
        31790,
        1638,
        39700,
        11752,
        7040,
        15972,
        4189,
        11,
        50864
      ]
    },
    {
      "id": 3,
      "avg_logprob": -0.2329419106245041,
      "compression_ratio": 1.2395209074020386,
      "end": 42.31999969482422,
      "no_speech_prob": 0.4952910840511322,
      "seek": 2244,
      "start": 34.220001220703125,
      "temperature": 0.0,
      "text": " 타학 전공의 기획을 맡은 분들은 개발의 언어와 어떤 생태를 잘 모르다 보니까",
      "tokens": [
        50864,
        19840,
        18134,
        6831,
        14913,
        2785,
        7047,
        40996,
        1638,
        49132,
        2124,
        40821,
        30185,
        17248,
        2785,
        16738,
        2782,
        37404,
        15620,
        6439,
        6867,
        20087,
        6644,
        8941,
        98,
        112,
        1235,
        25612,
        51364
      ]
    },
    {
      "id": 4,
      "avg_logprob": -0.19116511940956116,
      "compression_ratio": 1.4310344457626343,
      "end": 55.31999969482422,
      "no_speech_prob": 0.5189048051834106,
      "seek": 4232,
      "start": 42.31999969482422,
      "temperature": 0.0,
      "text": " 자신들이 요구하는 것에 어떤 업무 강도나 아니면 작업 용어 이런 부분들에 있어서 서로 상충하는 부분들이 있었습니다.",
      "tokens": [
        50364,
        5650,
        1995,
        4673,
        8109,
        10161,
        7675,
        7116,
        4431,
        1517,
        15620,
        32892,
        167,
        18129,
        14623,
        3744,
        11318,
        33059,
        40316,
        33622,
        3103,
        8381,
        10201,
        18912,
        1517,
        27937,
        44595,
        8563,
        47878,
        7116,
        10201,
        40389,
        15972,
        3115,
        13,
        51014
      ]
    },
    {
      "id": 5,
      "avg_logprob": -0.19116511940956116,
      "compression_ratio": 1.4310344457626343,
      "end": 68.66000366210938,
      "no_speech_prob": 0.5189048051834106,
      "seek": 4232,
      "start": 56.52000045776367,
      "temperature": 0.0,
      "text": " 그래서 이러한 부분들을 다음번 공모전의 교훈을 삼아서 어느정도 숙달하고 있는 분들과 대화를 나누고 공모전을 진행했었는데,",
      "tokens": [
        51014,
        8844,
        37398,
        3049,
        10201,
        18912,
        1638,
        4279,
        36831,
        5166,
        9273,
        49710,
        8210,
        2785,
        24915,
        35715,
        1638,
        32391,
        18461,
        34918,
        6170,
        3744,
        3471,
        247,
        24673,
        7040,
        7153,
        20147,
        7097,
        5971,
        37859,
        44263,
        226,
        1313,
        9273,
        49710,
        8210,
        1638,
        32544,
        7077,
        27501,
        11,
        51664
      ]
    },
    {
      "id": 6,
      "avg_logprob": -0.15348483622074127,
      "compression_ratio": 1.3515981435775757,
      "end": 78.94000244140625,
      "no_speech_prob": 0.050262488424777985,
      "seek": 6866,
      "start": 68.66000366210938,
      "temperature": 0.0,
      "text": " 이런 식으로 제 경험이 있는 분들과의 어떤 협업을 진행한다면 더욱더 수월한 개발 작업이 있을 것이고,",
      "tokens": [
        50364,
        8381,
        47270,
        4424,
        9537,
        24651,
        1129,
        7153,
        20147,
        7097,
        2785,
        15620,
        46977,
        11534,
        1638,
        32544,
        3049,
        19826,
        6990,
        44631,
        167,
        19666,
        4446,
        17295,
        3049,
        30185,
        17248,
        40316,
        1129,
        18082,
        4431,
        18960,
        11,
        50864
      ]
    },
    {
      "id": 7,
      "avg_logprob": -0.15348483622074127,
      "compression_ratio": 1.3515981435775757,
      "end": 88.18000030517578,
      "no_speech_prob": 0.050262488424777985,
      "seek": 6866,
      "start": 79.12000274658203,
      "temperature": 0.0,
      "text": " 만약 그럴 수 없다면 제가 개발에 관한 기본적인 부분들을 알려주고 커뮤니케이션에 관한 가이드를 드릴 것 같습니다.",
      "tokens": [
        50864,
        42195,
        45372,
        4446,
        5711,
        19826,
        7439,
        30185,
        17248,
        1517,
        21061,
        3049,
        40456,
        17495,
        10201,
        18912,
        1638,
        38654,
        38179,
        39573,
        106,
        97,
        1425,
        36940,
        41923,
        1517,
        21061,
        3049,
        4147,
        4250,
        43871,
        13356,
        15389,
        4431,
        31297,
        13,
        51364
      ]
    }
  ],
  "words": [
    {
      "end": 4.820000171661377,
      "start": 3.4200000762939453,
      "word": "아무래도"
    },
    {
      "end": 6.21999979019165,
      "start": 4.820000171661377,
      "word": "비개발자"
    },
    {
      "end": 6.71999979019165,
      "start": 6.21999979019165,
      "word": "인력"
    },
    {
      "end": 8.520000457763672,
      "start": 6.71999979019165,
      "word": "동료분들과의"
    },
    {
      "end": 10.119999885559082,
      "start": 8.520000457763672,
      "word": "커뮤니케이션에"
    },
    {
      "end": 10.460000038146973,
      "start": 10.119999885559082,
      "word": "있어서"
    },
    {
      "end": 11.220000267028809,
      "start": 10.460000038146973,